,City,Cloudiness,Country,Date,Humidity,Lat,Lng,Max Temp,Wind Speed
0,klaksvik,40,FO,1580226463,71,62.23,-6.59,274.15,0.5
1,fomboni,99,KM,1580226463,72,-12.28,43.74,302.12,3.78
2,telde,0,ES,1580226463,60,27.99,-15.42,296.48,2.6
3,laela,100,TZ,1580226463,92,-8.57,32.05,292.11,2.24
4,rikitea,100,PF,1580226464,80,-23.12,-134.97,299.25,4.4
5,faanui,100,PF,1580226464,76,-16.48,-151.75,301.09,4.06
6,huron,90,US,1580226464,96,41.15,-82.55,274.82,3.6
7,yeppoon,75,AU,1580226464,94,-23.13,150.73,298.15,3.1
8,tasiilaq,75,GL,1580226465,63,65.61,-37.64,270.15,3.6
9,port alfred,100,CD,1580226465,87,-7.03,29.76,296.32,9.4
10,vaini,20,TO,1580226465,94,-21.2,-175.2,296.15,0.49
11,grand river south east,1,US,1580226170,92,38.88,-109.5,270.37,2.6
12,luderitz,0,NA,1580226181,83,-26.65,15.16,291.54,9.85
13,geraldton,0,AU,1580226466,88,-28.77,114.6,295.15,5.1
14,villanueva,20,HN,1580226466,73,15.32,-88.0,298.15,4.1
15,lazaro cardenas,33,DO,1580226466,68,19.46,-71.33,300.37,0.45
16,atuona,2,PF,1580226466,81,-9.8,-139.03,299.88,6.63
17,odweyne,0,SO,1580226467,45,9.41,45.06,295.17,7.08
18,leesburg,75,US,1580226467,61,39.12,-77.56,280.37,4.1
19,rapsani,40,GR,1580226467,41,39.9,22.55,289.15,5.1
20,punta arenas,2,PH,1580226467,92,8.99,125.34,296.8,1.55
21,ribeira grande,75,ES,1580226468,100,42.75,-8.44,286.48,2.1
22,cabangahan,40,PH,1580226468,83,9.08,122.95,300.15,1.08
23,sawakin,46,SD,1580226468,77,19.11,37.33,296.8,5.78
24,belyy yar,100,RU,1580226468,88,55.84,32.94,272.52,2.14
25,ugoofaaru,100,MV,1580226468,71,5.67,73.0,300.85,4.32
26,kaeo,31,NZ,1580226469,100,-35.1,173.78,293.71,2.6
27,pauini,93,BR,1580226469,90,-7.71,-66.98,300.23,1.71
28,khatanga,63,RU,1580226469,97,71.97,102.5,249.31,3.8
29,cape town,40,CL,1580226469,54,-36.41,-71.9,299.15,5.1
30,belaya gora,78,UA,1580226469,69,49.03,25.77,279.82,1.34
31,castro,15,BR,1580226470,70,-24.79,-50.01,298.3,1.67
32,qaanaaq,96,GL,1580226470,77,77.48,-69.36,248.01,0.78
33,hermanus,1,ZA,1580226470,80,-34.42,19.23,296.48,3.58
34,albany,90,US,1580226470,92,42.6,-73.97,275.37,4.1
35,naze,75,JP,1580226470,82,28.37,129.48,288.15,9.3
36,cap malheureux,100,FR,1580226470,93,49.27,-1.21,279.82,8.2
37,yazykovo,15,RU,1580226471,97,55.22,56.14,249.99,1.51
38,nosy varika,75,PL,1580226471,93,51.99,20.8,277.59,4.1
39,chokurdakh,90,RU,1580226471,97,70.63,147.92,239.37,3.82
40,norman wells,100,US,1580226471,100,35.22,-97.44,280.15,5.7
41,arman,49,RU,1580226472,98,59.7,150.17,260.89,2.42
42,vawkavysk,100,BY,1580226472,80,53.16,24.45,277.15,3.0
43,wanaka,100,NZ,1580226472,95,-44.7,169.15,281.49,2.18
44,tiksi,100,RU,1580226472,88,71.69,128.87,242.41,2.44
45,galle,0,LK,1580226472,73,6.04,80.22,300.02,4.18
46,mar del plata,20,ES,1580226473,62,43.4,-4.01,287.59,5.7
47,camopi,85,GF,1580226473,71,3.17,-52.32,301.52,1.95
48,labuhan,93,ID,1580226473,88,-6.88,112.21,298.73,0.85
49,nikolskoye,90,RU,1580226473,93,59.7,30.79,273.15,5.0
50,ushuaia,75,AR,1580226392,81,-54.8,-68.3,283.15,15.4
51,mys shmidta,81,RU,1580226474,98,62.06,48.62,250.18,2.13
52,saskylakh,0,RU,1580226474,97,71.92,114.08,243.58,3.73
53,bluff,100,NZ,1580226474,84,-46.6,168.33,286.48,1.34
54,sao joao da barra,2,IN,1580226474,44,20.51,76.21,294.38,2.86
55,vostok,100,RU,1580226475,81,46.49,135.88,261.88,0.78
56,colquechaca,46,BO,1580226475,66,-18.67,-66.02,286.49,2.08
57,bengbu,24,CN,1580226475,75,32.94,117.36,276.21,2.49
58,barrow,75,US,1580226302,74,71.29,-156.79,241.15,1.5
59,fuzhou,90,CN,1580226476,71,26.06,119.31,284.15,2.0
60,alberton,100,CA,1580226476,66,46.82,-64.07,269.82,12.4
61,caravelas,66,BR,1580226476,84,-17.71,-39.25,300.23,5.17
62,saldanha,4,ZA,1580226281,53,-33.01,17.94,296.15,7.7
63,busselton,0,AU,1580226468,53,-33.65,115.33,292.04,4.55
64,bilma,91,NE,1580226477,5,18.69,12.92,301.83,3.0
65,dikson,49,RU,1580226477,96,73.51,80.55,248.45,5.9
66,kruisfontein,0,ZA,1580226332,50,-34.0,24.73,294.74,5.98
67,mataura,100,NZ,1580226477,84,-46.19,168.86,286.48,1.34
68,butaritari,82,KI,1580226477,81,3.07,172.79,301.56,8.17
69,bethel,90,US,1580226478,69,41.37,-73.41,278.71,2.6
70,bredasdorp,0,ZA,1580226478,50,-34.53,20.04,298.15,7.49
71,bandiagara,95,ML,1580226478,4,14.35,-3.61,307.15,7.2
72,kjollefjord,3,NO,1580226478,67,70.95,27.35,265.15,6.7
73,hilo,75,US,1580226284,60,19.73,-155.09,293.15,4.1
74,cape girardeau,40,CL,1580226479,54,-36.41,-71.9,299.15,5.1
75,longyearbyen,76,SJ,1580226479,64,78.22,15.64,256.15,4.1
76,georgetown,20,MY,1580226225,79,5.41,100.34,302.15,4.1
77,hokitika,100,NZ,1580226283,94,-42.72,170.97,290.4,0.14
78,dumai,100,ID,1580226480,97,1.68,101.45,297.21,0.84
79,taoudenni,82,ML,1580226480,13,22.68,-3.98,303.59,5.32
80,upernavik,100,GL,1580226480,93,72.79,-56.15,248.18,2.09
81,saint-philippe,6,RE,1580226480,65,-21.36,55.77,298.15,3.1
82,tuktoyaktuk,40,CA,1580226230,74,69.45,-133.04,241.15,5.1
83,yar-sale,100,RU,1580226481,93,66.83,70.83,251.04,8.01
84,bardiyah,16,LY,1580226481,72,31.76,25.09,288.53,8.36
85,kodiak,90,US,1580226481,85,57.79,-152.41,264.15,5.1
86,arraial do cabo,75,BR,1580226481,38,-22.84,-46.65,304.15,3.6
87,natal,40,BR,1580226462,59,-5.79,-35.21,306.15,6.7
88,souris,90,CA,1580226321,84,49.62,-100.26,260.15,3.6
89,robertsport,48,LR,1580226482,78,6.75,-11.37,300.65,3.2
90,kalemie,100,CD,1580226482,97,-5.95,29.19,291.11,1.1
91,jamestown,90,US,1580226482,92,42.1,-79.24,274.26,5.7
92,ronne,100,DK,1580226483,100,55.1,14.71,279.15,3.6
93,olafsvik,30,IS,1580226483,67,64.89,-23.71,273.99,4.35
94,grand gaube,20,US,1580226483,92,38.88,-109.5,270.37,4.1
95,mahebourg,75,MU,1580226483,74,-20.41,57.7,299.15,1.5
96,yamada,100,JP,1580226483,83,39.47,141.95,278.64,5.7
97,puerto ayora,75,ES,1580226484,72,36.59,-6.23,290.15,2.6
98,maniitsoq,43,GL,1580226263,71,65.42,-52.9,259.26,4.12
99,boa vista,10,CM,1580226484,56,4.43,8.97,303.59,4.88
100,airai,100,TL,1580226484,92,-8.93,125.41,294.05,1.09
101,codrington,32,AU,1580226213,89,-38.27,141.97,289.86,1.79
102,bengkulu,100,ID,1580226485,91,-3.8,102.27,297.97,1.58
103,weligama,40,LK,1580226485,87,5.97,80.42,296.71,2.63
104,san policarpo,34,ML,1580226274,3,13.3,-4.9,308.47,5.89
105,dao,47,PH,1580226485,90,11.39,122.69,296.08,0.93
106,poso,41,ID,1580226486,90,-1.4,120.75,294.18,0.45
107,vao,100,NC,1580226486,73,-22.67,167.48,298.22,4.41
108,san patricio,34,ML,1580226302,3,13.3,-4.9,308.47,5.89
109,beringovskiy,97,RU,1580226486,100,63.05,179.32,254.6,4.31
110,bealanana,100,MG,1580226486,98,-14.55,48.73,292.96,1.53
111,santa fe,10,PH,1580226488,88,17.49,120.43,293.48,1.16
112,eyl,100,SO,1580226488,71,7.98,49.82,297.65,12.56
113,shelburne,90,CA,1580226290,90,44.08,-80.2,273.15,5.7
114,sao felix do xingu,2,IN,1580226489,44,20.51,76.21,294.38,2.86
115,kapaa,1,US,1580226407,81,22.08,-159.32,292.15,3.1
116,hobart,97,AU,1580226249,67,-42.88,147.33,290.37,3.6
117,east london,75,IS,1580226490,100,65.0,-15.0,270.15,1.5
118,sungaipenuh,100,ID,1580226490,97,-2.08,101.38,291.89,0.67
119,ankang,0,CN,1580226490,38,32.68,109.02,276.48,2.24
120,gorontalo,89,ID,1580226490,93,0.54,123.06,296.92,1.59
121,paamiut,0,GL,1580226491,52,61.99,-49.67,262.13,5.01
122,pangody,100,RU,1580226491,95,65.85,74.49,254.18,6.78
123,katsuura,90,JP,1580226491,93,35.13,140.3,285.37,4.6
124,bambanglipuro,100,ID,1580226491,88,-7.95,110.28,299.06,2.37
125,bintulu,75,MY,1580226491,94,3.17,113.03,300.15,1.0
126,yellowknife,90,CA,1580226492,84,62.46,-114.35,256.15,4.1
127,morondava,27,MG,1580226492,74,-20.28,44.28,301.0,3.14
128,bantacan,4,PH,1580226492,1,7.6,126.13,298.71,0.76
129,constitucion,10,CL,1580226492,61,-35.33,-72.42,294.57,5.46
130,nantucket,90,US,1580226492,76,41.28,-70.1,279.15,3.1
131,hebi,21,CN,1580226492,60,35.9,114.19,275.43,0.69
132,kaitangata,100,NZ,1580226493,91,-46.28,169.85,287.09,6.59
133,fortuna,90,US,1580226493,93,40.6,-124.16,285.15,5.1
134,taybad,0,IR,1580226493,67,34.74,60.78,275.29,5.5
135,chabahar,0,IR,1580226493,28,25.29,60.64,292.01,4.65
136,sioux lookout,90,US,1580226494,100,42.73,-96.23,269.15,1.5
137,kavieng,20,PG,1580226494,75,-2.57,150.8,302.21,5.4
138,store heddinge,75,SI,1580226494,62,46.22,15.31,285.93,6.7
139,chifeng,100,CN,1580226494,75,42.27,118.96,264.59,1.34
140,sayyan,0,YE,1580226495,26,15.17,44.32,286.65,4.02
141,santiago del estero,20,CL,1580226495,30,-33.46,-70.65,304.26,2.1
142,palmer,90,US,1580226199,55,42.16,-72.33,277.59,4.6
143,dandong,72,CN,1580226496,72,40.13,124.39,272.42,2.89
144,new norfolk,75,LR,1580226438,79,6.65,-10.59,302.15,6.2
145,haflong,0,IN,1580226497,78,25.18,93.03,286.6,1.71
146,waingapu,99,ID,1580226497,76,-9.66,120.26,302.58,1.93
147,avarua,9,CK,1580226497,88,-21.21,-159.78,299.15,2.1
148,vila,90,PT,1580226497,100,42.03,-8.16,289.26,3.1
149,tuatapere,100,NZ,1580226498,84,-46.13,167.68,286.48,1.34
150,udachnyy,100,RU,1580226498,93,66.42,112.4,254.23,4.34
151,torbay,90,CA,1580226281,91,47.67,-52.73,273.71,4.6
152,clyde river,90,US,1580226498,96,41.3,-82.98,274.26,2.6
153,alofi,42,NU,1580226400,94,-19.06,-169.92,294.15,0.94
154,cidreira,15,BR,1580226499,66,-30.18,-50.21,296.73,2.76
155,san angelo,34,ML,1580226274,3,13.3,-4.9,308.47,5.89
156,hamilton,90,US,1580226301,86,39.18,-84.53,274.82,1.5
157,tchibanga,99,GA,1580226499,81,-2.85,11.03,301.61,2.05
158,narsaq,75,GL,1580226499,61,60.92,-46.05,264.15,1.5
159,sunndalsora,93,NO,1580226500,51,62.68,8.55,275.15,6.7
160,sitka,75,US,1580226500,81,57.05,-135.33,275.15,4.6
161,traverse city,98,IT,1580226500,70,44.94,7.12,286.15,3.6
162,kindu,82,CD,1580226500,87,-2.95,25.95,299.64,0.96
163,tigzirt,17,DZ,1580226500,72,36.89,4.12,287.88,6.59
164,praia da vitoria,100,CV,1580226501,30,14.92,-23.51,302.15,10.3
165,soledade,40,BR,1580226501,61,-28.82,-52.51,300.15,5.1
166,asfi,0,MA,1580226255,28,32.3,-9.24,295.32,2.09
167,san cristobal,34,ML,1580226274,3,13.3,-4.9,308.47,5.89
168,lompoc,1,US,1580226501,100,34.64,-120.46,284.26,5.7
169,roma,90,US,1580226502,86,43.21,-75.46,272.59,5.1
170,zigos,20,GR,1580226502,58,41.02,24.38,288.15,2.1
171,kuytun,11,RU,1580226502,96,54.34,101.5,259.66,1.75
172,kargasok,98,RU,1580226503,95,59.06,80.86,259.32,2.6
173,touros,40,BR,1580226503,55,-5.2,-35.46,306.15,7.2
174,cortez,1,US,1580226503,79,37.35,-108.59,270.37,3.6
175,victoria,20,HK,1580226481,50,22.29,114.16,287.15,4.6
176,isangel,79,VU,1580226503,82,-19.55,169.27,297.56,4.49
177,egvekinot,0,RU,1580226504,90,66.32,-179.17,248.72,0.57
178,pevek,100,RU,1580226504,96,69.7,170.31,255.95,1.48
179,russell,20,US,1580226504,93,32.35,-85.2,285.93,1.5
180,port elizabeth,100,CD,1580226504,87,-7.03,29.76,296.32,9.4
181,nixa,90,US,1580226237,90,37.04,-93.29,274.82,4.6
182,ponta do sol,75,PT,1580226505,93,38.73,-28.27,291.15,6.7
183,alenquer,40,BR,1580226505,79,-1.94,-54.74,302.15,4.6
184,ixtapa,5,MX,1580226505,88,20.7,-105.2,295.37,1.38
185,pailon,40,BO,1580226505,48,-17.65,-62.75,304.15,5.1
186,san rafael,34,ML,1580226274,3,13.3,-4.9,308.47,5.89
187,tabou,79,CI,1580226505,68,4.42,-7.35,302.89,2.03
188,lebu,95,CL,1580226506,81,-37.62,-73.65,290.63,4.22
189,shimoda,75,JP,1580226506,82,34.67,138.95,286.15,4.6
190,navahrudak,99,BY,1580226506,86,53.6,25.83,274.47,5.01
191,poronaysk,62,RU,1580226506,90,49.22,143.12,260.87,1.76
192,tikaitnagar,19,IN,1580226507,74,26.95,81.58,289.05,3.21
193,okhotsk,0,RU,1580226507,62,59.38,143.3,248.44,4.45
194,shakhtinsk,90,KZ,1580226507,85,49.71,72.59,262.15,9.0
195,poum,100,NC,1580226507,82,-20.23,164.02,299.58,8.6
196,kachug,100,RU,1580226507,95,53.96,105.88,258.81,0.72
197,afua,68,BR,1580226508,85,-0.16,-50.39,300.76,3.93
198,riyadh,0,SA,1580226308,20,24.69,46.72,289.15,2.1
199,muros,75,ES,1580226508,100,42.78,-9.06,286.48,2.1
200,port hardy,100,CD,1580226465,87,-7.03,29.76,296.32,9.4
201,nueva londres,75,EC,1580226509,83,-1.72,-79.83,298.71,5.1
202,amzya,8,RU,1580226509,99,56.24,54.39,248.35,1.64
203,chara,0,RU,1580226509,71,56.91,118.26,250.95,0.23
204,salalah,0,OM,1580226309,17,17.02,54.09,295.15,5.7
205,ormara,0,PK,1580226510,40,25.21,64.64,293.03,12.15
206,lasa,90,IT,1580226510,86,46.62,10.7,279.15,3.1
207,boende,100,CD,1580226510,17,-0.22,20.87,310.64,1.57
208,atar,0,MR,1580226510,13,20.52,-13.05,306.15,7.2
209,ternate,26,ID,1580226511,91,0.8,127.4,297.16,0.75
210,talaya,100,RU,1580226511,98,61.38,152.75,254.94,3.23
211,faya,40,SA,1580226511,77,18.39,42.45,289.15,5.1
212,nyurba,46,RU,1580226511,99,63.28,118.33,248.58,1.8
213,ambon,20,ID,1580226511,83,-3.7,128.18,300.15,1.0
214,mandla,0,IN,1580226512,44,22.6,80.38,292.75,2.15
215,boddam,38,GB,1580226512,74,57.47,-1.78,276.15,1.5
216,vila velha,90,PT,1580226512,100,42.03,-8.16,289.26,3.1
217,rio gallegos,20,GR,1580226512,67,38.3,21.78,288.15,2.43
218,leh,100,IN,1580226512,82,34.17,77.58,253.73,1.64
219,oksfjord,20,NO,1580226513,79,70.24,22.35,267.15,15.4
220,bosaso,15,SO,1580226513,71,11.28,49.18,296.56,10.02
221,ostrovnoy,99,RU,1580226513,97,68.05,39.51,258.32,2.98
222,shaunavon,14,CA,1580226513,81,49.65,-108.42,265.14,3.5
223,inhambane,20,MZ,1580226513,48,-23.86,35.38,302.15,3.1
224,ponta delgada,75,PT,1580226513,93,38.73,-28.27,291.15,6.7
225,gulfport,1,US,1580226514,87,30.37,-89.09,285.93,2.21
226,lazurne,75,UA,1580226514,100,46.08,32.53,279.26,4.0
227,asau,28,RO,1580226321,70,46.43,26.4,280.93,3.1
228,sinyavskoye,100,RU,1580226514,65,47.28,39.28,280.15,3.0
229,winnemucca,90,US,1580226444,60,40.97,-117.74,278.15,4.6
230,rawson,67,AR,1580226492,59,-43.3,-65.1,290.43,6.84
231,carnarvon,40,AU,1580226515,94,-24.87,113.63,298.15,7.7
232,labrea,100,BR,1580226515,99,-7.26,-64.8,296.14,1.53
233,zhob,0,PK,1580226515,41,31.34,69.45,278.55,1.8
234,ostrogozhsk,100,RU,1580226515,94,50.87,39.08,272.44,2.54
235,perpignan,38,FR,1580226516,41,42.75,2.75,289.15,7.7
236,dhemaji,0,IN,1580226516,74,27.48,94.58,286.96,2.3
237,necochea,0,AR,1580226516,37,-38.55,-58.74,303.71,11.18
238,hambantota,40,LK,1580226516,94,6.12,81.12,298.15,2.1
239,alta,75,NO,1580226516,66,69.97,23.27,261.15,10.8
240,dunedin,100,NZ,1580226517,89,-45.87,170.5,289.26,0.89
241,oranjemund,73,NA,1580226517,49,-28.55,16.43,296.41,8.93
242,komsomolets,0,KZ,1580226517,88,53.75,62.07,253.96,3.42
243,doka,47,SD,1580226517,14,13.52,35.77,304.65,2.98
244,kingman,1,US,1580226444,59,35.19,-114.05,285.93,2.37
245,ilulissat,40,GL,1580226518,54,69.22,-51.1,257.15,8.7
246,lorengau,100,PG,1580226273,80,-2.02,147.27,301.58,4.74
247,provideniya,0,RU,1580226415,65,64.38,-173.3,250.83,2.48
248,elizabeth city,90,US,1580226519,48,40.66,-74.21,279.82,4.1
249,turukhansk,100,RU,1580226519,93,65.82,87.98,264.72,4.34
250,okha,0,RU,1580226519,97,53.57,142.95,255.38,4.56
251,saint-pierre,0,RE,1580226519,65,-21.34,55.48,298.15,3.1
252,havoysund,0,NO,1580226520,67,71.0,24.66,265.15,6.7
253,keroka,100,KE,1580226520,95,-0.78,34.95,290.15,2.39
254,matamoros,5,MX,1580226520,38,25.53,-103.25,288.15,5.7
255,ancud,75,CL,1580226520,48,-41.87,-73.82,289.15,6.2
256,lata,75,PT,1580226520,87,40.16,-8.33,289.26,4.6
257,taltal,21,CL,1580226521,71,-25.4,-70.48,294.54,3.57
258,pokhara,14,NP,1580226492,76,28.23,83.98,285.58,1.19
259,iberia,40,US,1580226521,81,29.95,-91.75,285.93,2.6
260,berlevag,40,NO,1580226521,85,70.86,29.09,262.15,1.0
261,gizo,97,SB,1580226522,83,-8.1,156.84,298.83,1.11
262,sotouboua,41,TG,1580226522,8,8.57,0.98,310.43,1.68
263,longavi,0,CL,1580226522,27,-35.97,-71.68,304.18,1.48
264,husavik,90,IS,1580226523,78,66.04,-17.34,265.15,2.6
265,biharamulo,100,TZ,1580226523,97,-2.63,31.31,290.61,1.66
266,barga,75,IT,1580226523,82,44.07,10.48,288.15,7.7
267,portland,90,US,1580226450,93,45.52,-122.68,282.15,4.1
268,porto santo,90,PT,1580226289,100,41.15,-8.61,289.82,4.6
269,santona,20,ES,1580226524,62,43.44,-3.46,287.59,5.7
270,hithadhoo,90,MV,1580226524,77,-0.6,73.08,300.94,5.55
271,lumphat,30,KH,1580226524,57,13.49,106.98,297.34,1.42
272,barguzin,91,RU,1580226524,87,53.62,109.62,257.66,4.21
273,pankrushikha,100,RU,1580226525,94,53.83,80.34,267.5,5.5
274,vila franca do campo,90,PT,1580226497,100,42.03,-8.16,289.26,3.1
275,severo-kurilsk,46,RU,1580226525,93,50.68,156.12,268.04,3.13
276,aklavik,90,CA,1580226525,67,68.22,-135.01,242.15,4.6
277,doha,0,QA,1580226525,68,25.29,51.53,291.15,2.1
278,ust-omchug,100,RU,1580226526,98,61.15,149.63,249.96,2.34
279,pirovskoye,100,RU,1580226526,82,57.63,92.27,267.63,4.4
280,jacareacanga,75,BR,1580226526,74,-6.22,-57.75,302.15,2.1
281,sretensk,0,RU,1580226526,94,52.25,117.71,253.51,0.73
282,padang,100,ID,1580226251,99,-0.95,100.35,294.47,0.95
283,dingle,42,PH,1580226526,84,11.0,122.67,296.67,2.66
284,thompson,90,CA,1580226527,85,55.74,-97.86,262.15,1.97
285,puerto quijarro,75,ES,1580226422,72,36.59,-6.23,290.15,2.6
286,sinegorye,100,RU,1580226527,100,62.08,150.48,247.71,1.28
287,itoman,75,JP,1580226527,72,26.12,127.67,290.15,4.6
288,grindavik,75,IS,1580226527,64,63.84,-22.43,275.15,4.1
289,port augusta,100,CD,1580226528,87,-7.03,29.76,296.32,9.4
290,plettenberg bay,40,DE,1580226528,80,51.22,7.88,278.71,9.3
291,atbasar,59,KZ,1580226529,95,51.8,68.33,250.97,4.83
292,ossora,99,RU,1580226529,94,59.24,163.07,269.53,2.38
293,saint-francois,100,FR,1580226529,65,46.42,3.91,281.15,5.1
294,kralendijk,75,BQ,1580226529,66,12.15,-68.27,303.15,4.1
295,kawana waters,75,AU,1580226529,94,-23.33,150.51,298.15,3.1
296,lukulu,61,ZM,1580226530,52,-14.37,23.24,302.2,0.48
297,srivardhan,0,IN,1580226530,67,18.03,73.02,295.78,1.16
298,ambilobe,99,MG,1580226530,87,-13.2,49.05,299.31,2.06
299,abu samrah,50,IN,1580226530,42,24.6,72.7,290.79,1.46
300,marang,20,MY,1580226465,83,5.21,103.21,300.15,1.0
301,haines junction,90,US,1580226530,97,59.23,-135.44,277.15,7.7
302,saint-joseph,0,RE,1580226531,65,-21.37,55.62,298.15,3.1
303,kalmunai,91,LK,1580226493,74,7.42,81.82,299.7,5.8
304,chuy,0,UY,1580226531,45,-33.7,-53.46,298.07,4.14
305,usinsk,18,RU,1580226531,99,65.99,57.53,242.37,2.62
306,ruwi,20,OM,1580226531,49,23.6,58.55,293.15,2.6
307,vanavara,100,RU,1580226532,95,60.34,102.28,260.94,2.07
308,guymon,90,US,1580226532,93,36.68,-101.48,276.15,7.7
309,langxiang,94,CN,1580226532,94,46.95,128.88,258.57,1.14
310,nanortalik,33,GL,1580226532,69,60.14,-45.24,267.16,6.96
311,pochutla,20,MX,1580226532,73,15.74,-96.47,298.15,4.69
312,port lincoln,100,CD,1580226533,87,-7.03,29.76,296.32,9.4
313,parham,75,AG,1580226533,65,17.1,-61.77,301.48,3.6
314,reze,98,FR,1580226533,81,47.18,-1.55,283.15,9.3
315,jiangyou,66,CN,1580226534,76,31.77,104.72,273.43,1.03
316,esperance,90,AU,1580226534,94,-33.87,121.9,293.15,6.2
317,hasaki,75,JP,1580226534,100,35.73,140.83,286.15,6.2
318,furano,100,JP,1580226534,65,43.28,142.47,263.3,2.7
319,aberdeen,33,GB,1580226241,65,57.14,-2.1,278.15,2.1
320,viedma,100,AR,1580226535,38,-40.81,-63.0,298.28,7.95
321,bilibino,100,RU,1580226535,96,68.05,166.44,256.83,0.15
322,kalispell,90,US,1580226535,86,48.2,-114.31,273.71,1.2
323,hashtrud,98,IR,1580226535,66,37.48,47.05,264.57,0.9
324,seabra,75,BR,1580226535,62,-12.42,-41.77,302.15,2.6
325,raga,87,SS,1580226536,8,8.46,25.68,306.18,2.51
326,modrica,83,RS,1580226536,76,43.52,21.36,282.15,1.5
327,sola,75,VU,1580226536,94,-13.88,167.55,300.15,4.1
328,ardabil,40,IR,1580226536,58,38.25,48.29,272.15,7.2
329,taylorville,90,US,1580226519,100,39.55,-89.29,272.15,2.1
330,sur,0,OM,1580226367,50,22.57,59.53,291.74,8.74
331,iqaluit,20,CA,1580226292,69,63.75,-68.51,249.26,13.4
332,kahului,1,US,1580226537,82,20.89,-156.47,292.59,3.42
333,brae,40,GB,1580226537,86,60.4,-1.35,277.15,5.1
334,punta alta,2,PH,1580226537,92,8.99,125.34,296.8,1.55
335,stepnyak,100,KZ,1580226538,93,52.83,70.78,252.61,7.62
336,marshall,1,US,1580226538,75,34.38,-86.33,283.15,0.89
337,meridian,90,US,1580226296,100,43.61,-116.39,278.71,3.6
338,almenara,100,BR,1580226538,82,-16.18,-40.69,300.19,1.23
339,richards bay,90,US,1580226539,84,46.84,-95.91,261.48,1.18
340,mitu,43,CO,1580226539,50,1.2,-70.17,305.88,1.72
341,lavrentiya,0,RU,1580226539,81,65.58,-171.0,248.02,2.56
342,marsh harbour,40,GB,1580226539,86,53.65,-1.81,279.26,6.7
343,uglovka,100,RU,1580226540,96,58.24,33.51,269.82,2.65
344,camacha,40,PT,1580226540,59,33.08,-16.33,292.15,3.6
345,bambous virieux,75,MU,1580226540,74,-20.26,57.41,299.15,1.5
346,mehamn,78,NO,1580226540,67,71.04,27.85,265.15,6.7
347,morant bay,20,JM,1580226541,61,17.9,-76.43,301.15,2.1
348,saint-leu,99,RE,1580226541,65,-21.15,55.28,298.15,3.1
349,san lawrenz,34,ML,1580226541,3,13.3,-4.9,308.47,5.89
350,san carlos de bariloche,34,ML,1580226274,3,13.3,-4.9,308.47,5.89
351,oktyabrskiy,5,RU,1580226541,96,54.48,53.47,252.21,1.7
352,patea,100,NZ,1580226542,97,-39.76,174.48,291.48,10.14
353,shingu,55,JP,1580226542,87,33.73,135.98,288.51,3.1
354,esil,48,KZ,1580226542,98,51.96,66.4,251.04,4.12
355,hami,8,CN,1580226542,78,42.8,93.45,261.45,1.05
356,oriximina,0,BR,1580226543,59,-1.77,-55.87,303.8,2.32
357,yumen,0,CN,1580226543,49,40.28,97.2,266.5,2.06
358,byron bay,90,US,1580226543,100,44.03,-92.65,266.48,3.6
359,mersing,94,MY,1580226543,79,2.43,103.84,300.66,5.53
360,honiara,20,SB,1580226543,88,-9.43,159.95,299.15,1.5
361,ylojarvi,90,FI,1580226544,100,61.56,23.6,275.37,2.6
362,acapulco,5,MX,1580226544,78,16.86,-99.89,298.15,1.5
363,rock sound,90,US,1580226544,86,42.67,-89.07,272.04,1.5
364,gravdal,75,NO,1580226544,65,68.12,13.5,275.15,2.6
365,san quintin,34,ML,1580226541,3,13.3,-4.9,308.47,5.89
366,cherskiy,100,RU,1580226545,97,68.75,161.3,244.04,4.54
367,itape,0,PY,1580226545,23,-25.85,-56.62,311.2,1.34
368,shenxian,78,CN,1580226545,56,36.24,115.67,276.38,1.8
369,paralimni,40,CY,1580226545,82,35.04,33.98,287.15,3.1
370,wasco,1,US,1580226546,91,35.59,-119.34,282.59,2.34
371,kargat,100,RU,1580226546,95,55.2,80.28,266.18,3.91
372,mgandu,100,TZ,1580226546,93,-5.95,34.13,290.84,2.21
373,aldan,99,RU,1580226546,94,58.6,125.39,253.94,2.96
374,marovoay,75,MG,1580226547,100,-16.1,46.63,297.15,2.1
375,ngora,100,UG,1580226547,80,1.43,33.78,294.03,3.17
376,kibala,1,TD,1580226547,27,9.11,18.35,304.15,4.1
377,abha,40,SA,1580226504,77,18.22,42.51,289.15,5.1
378,itarema,32,BR,1580226548,54,-2.92,-39.92,305.27,5.11
379,moroni,40,KM,1580226548,74,-11.7,43.26,303.15,3.1
380,sao filipe,2,IN,1580226474,44,20.51,76.21,294.38,2.86
381,trinidad,75,BO,1580226435,88,-14.83,-64.9,300.15,2.1
382,bereda,90,ES,1580226548,87,43.27,-7.54,287.59,0.5
383,yulara,0,AU,1580226549,15,-25.24,130.99,304.15,3.6
384,ituporanga,97,BR,1580226549,66,-27.41,-49.6,303.15,0.89
385,andreapol,100,RU,1580226549,92,56.65,32.27,272.57,1.75
386,tecoanapa,0,MX,1580226550,64,16.52,-98.75,299.63,1.51
387,foz do iguacu,0,ES,1580226550,27,43.57,-7.25,287.59,2.68
388,elko,20,US,1580226504,80,41.0,-115.5,275.37,1.5
389,zelenogorskiy,20,RU,1580226550,79,55.03,87.0,267.15,4.0
390,ibanda,40,TZ,1580226551,69,-2.8,32.47,296.15,0.82
391,xiashi,92,CN,1580226551,80,30.54,120.69,279.26,2.0
392,yubari,75,JP,1580226551,79,43.04,141.96,273.15,4.1
393,mount isa,40,GB,1580226551,86,53.66,-1.85,279.26,6.7
394,kyabe,3,TD,1580226551,7,9.45,18.94,309.65,2.38
395,price,1,US,1580226515,78,39.6,-110.81,270.37,1.23
396,farmington,1,US,1580226420,73,36.73,-108.22,269.26,3.6
397,tambopata,75,PE,1580226552,100,-12.73,-69.18,274.15,4.1
398,dalvik,90,IS,1580226552,78,65.97,-18.53,265.15,2.6
399,beckley,90,US,1580226553,80,37.78,-81.19,275.37,2.73
400,kampot,20,KH,1580226553,88,10.62,104.18,298.15,1.0
401,flinders,90,AU,1580226553,100,-34.58,150.86,296.48,4.1
402,beipiao,100,CN,1580226553,82,41.79,120.78,263.81,6.89
403,armacao dos buzios,75,BR,1580226553,78,-27.75,-48.51,303.15,6.2
404,tsiroanomandidy,64,MG,1580226554,83,-18.77,46.03,298.17,1.91
405,saint-ambroise,75,CA,1580226554,72,48.55,-71.33,262.04,5.1
406,khakhea,0,BW,1580226554,15,-24.69,23.49,306.52,0.87
407,sibolga,100,ID,1580226554,99,1.74,98.78,295.85,0.76
408,iskateley,0,RU,1580226555,93,67.68,53.15,247.1,3.99
409,anloga,20,GH,1580226555,66,5.79,0.9,304.15,5.1
410,ajaccio,90,FR,1580226555,82,42.0,8.92,291.15,3.1
411,yarmouth,90,US,1580226555,76,41.71,-70.23,278.71,3.1
412,balikpapan,40,ID,1580226555,94,-1.27,116.83,300.15,1.0
413,zhigansk,91,RU,1580226556,92,66.77,123.37,239.14,6.0
414,yinchuan,0,CN,1580226556,66,38.47,106.27,270.69,2.24
415,quime,99,BO,1580226556,74,-16.98,-67.22,287.69,1.17
416,takoradi,98,GH,1580226556,57,4.88,-1.76,304.21,4.69
417,pendleton,90,US,1580226556,81,45.67,-118.79,283.15,6.7
418,soyo,20,AO,1580226556,70,-6.13,12.37,304.15,3.6
419,saint-georges,20,GD,1580226300,66,12.06,-61.75,303.15,5.1
420,maningrida,100,AU,1580226557,79,-12.07,134.27,301.96,5.77
421,avera,1,US,1580226378,61,33.19,-82.53,283.71,2.1
422,kyren,0,RU,1580226557,69,51.68,102.14,259.22,5.09
423,coquimbo,90,CL,1580226557,88,-29.95,-71.34,291.15,6.2
424,cabo san lucas,40,BR,1580226557,62,-8.28,-35.03,304.15,4.1
425,shache,13,CN,1580226558,57,38.42,77.24,270.54,3.36
426,broome,90,US,1580226558,86,42.25,-75.83,274.26,4.6
427,fasa,0,IR,1580226558,49,28.94,53.65,282.15,3.1
428,san jose,34,ML,1580226274,3,13.3,-4.9,308.47,5.89
429,kukuna,36,SL,1580226558,12,9.4,-12.67,312.87,1.75
430,san lorenzo,34,ML,1580226302,3,13.3,-4.9,308.47,5.89
431,katherine,90,AU,1580226559,69,-14.47,132.27,301.15,7.7
432,ventspils,90,LV,1580226559,86,57.39,21.56,276.15,6.2
433,taunton,75,GB,1580226559,80,51.02,-3.1,279.82,7.7
434,nabire,97,ID,1580226471,98,-3.37,135.48,296.23,0.88
435,paita,11,PE,1580226560,100,-5.09,-81.11,290.15,3.6
436,adrar,0,MR,1580226560,13,20.5,-10.07,304.61,6.42
437,pangoa,100,PE,1580226560,66,-12.12,-73.0,301.37,0.4
438,osakarovka,100,KZ,1580226560,94,50.56,72.57,260.96,7.74
439,clinceni,95,RO,1580226560,70,44.37,25.95,284.26,2.6
440,teya,83,RU,1580226561,95,60.38,92.63,264.87,2.1
441,hirara,100,JP,1580226561,85,24.8,125.28,290.09,10.24
442,rocha,0,UY,1580226561,26,-34.48,-54.33,299.85,4.09
443,laguna,90,US,1580226561,100,38.42,-121.42,285.37,3.1
444,awjilah,0,LY,1580226562,38,29.11,21.29,291.17,4.9
445,tadine,100,NC,1580226562,83,-21.55,167.88,296.28,2.64
446,burns lake,75,US,1580226485,89,43.59,-119.05,275.15,1.5
447,kalevala,100,RU,1580226562,92,65.2,31.17,261.99,4.6
448,flin flon,100,FR,1580226563,80,48.5,6.66,280.15,6.7
449,buchanan,75,LR,1580226563,79,5.88,-10.05,302.15,6.2
450,kenitra,20,MA,1580226563,68,34.26,-6.58,292.59,4.6
451,pajapan,5,MX,1580226563,88,18.25,-94.7,297.15,1.37
452,derzhavinsk,0,KZ,1580226564,96,51.1,66.32,252.3,4.12
453,ucluelet,75,CA,1580226563,93,48.93,-125.55,280.93,2.6
454,gao,100,ML,1580226564,4,16.64,1.64,306.59,4.86
455,sorland,75,NO,1580226564,74,67.67,12.69,275.15,6.2
456,moose factory,90,US,1580226565,85,43.66,-110.72,272.15,4.6
457,garowe,45,SO,1580226565,34,8.41,48.48,299.94,9.19
458,ellisras,0,ZA,1580226565,33,-23.66,27.74,303.56,3.82
459,souillac,75,MU,1580226565,74,-20.52,57.52,299.15,1.5
460,basco,40,PH,1580226566,78,20.45,121.97,295.69,7.15
461,peachland,90,CA,1580226566,94,49.77,-119.74,276.15,1.0
462,fairbanks,75,US,1580226566,60,64.84,-147.72,244.82,1.78
463,guarapari,20,BR,1580226566,66,-20.67,-40.5,305.15,5.7
464,georgiyevskoye,100,RU,1580226567,91,58.73,45.02,257.54,3.03
465,nobres,98,BR,1580226567,78,-14.72,-56.33,301.6,2.96
466,tame,87,CO,1580226567,37,6.46,-71.73,306.07,3.3
467,ayutla,0,MX,1580226567,55,20.12,-104.33,286.02,1.41
468,sechura,32,PE,1580226373,83,-5.56,-80.82,296.53,2.53
469,bani walid,20,DO,1580226567,74,18.28,-70.33,303.15,3.1
470,port orange,100,CD,1580226533,87,-7.03,29.76,296.32,9.4
471,vilyuysk,25,RU,1580226568,98,63.76,121.62,241.04,2.42
472,sisimiut,100,GL,1580226568,97,66.94,-53.67,254.92,1.73
473,tondano,20,ID,1580226568,100,1.3,124.91,295.15,0.5
474,jodhpur,13,IN,1580226568,42,26.29,73.03,289.53,3.24
475,santa marta,10,PH,1580226568,88,17.49,120.43,293.48,1.16
476,nouadhibou,0,MR,1580226569,11,20.93,-17.03,306.15,2.6
477,valdivia,75,CL,1580226569,49,-39.81,-73.25,293.15,3.1
478,khani,75,GE,1580226569,34,41.96,42.96,285.15,6.2
479,ondjiva,41,AO,1580226569,37,-17.07,15.73,304.72,3.27
480,dickinson,90,US,1580226541,100,29.46,-95.05,288.71,4.1
481,nuuk,40,GL,1580226301,56,64.18,-51.72,262.15,4.6
482,gamba,98,GA,1580226570,73,-2.65,10.0,302.39,3.81
483,sangar,0,RU,1580226570,80,63.92,127.47,236.09,0.54
484,peace river,100,UA,1580226571,95,48.31,38.07,275.32,3.11
485,muana,69,BR,1580226571,80,-1.53,-49.22,301.78,2.1
486,san ramon,34,ML,1580226274,3,13.3,-4.9,308.47,5.89
487,waverly,90,US,1580226341,87,42.74,-84.62,273.71,2.6
488,suez,39,EG,1580226571,43,29.97,32.53,290.41,2.62
489,vardo,90,NO,1580226572,85,70.37,31.11,266.15,4.6
490,tuscaloosa,1,US,1580226305,81,33.21,-87.57,283.71,1.94
491,at-bashi,0,KG,1580226572,62,41.17,75.81,251.82,3.24
492,madang,100,PG,1580226572,78,-5.22,145.8,300.98,4.46
493,andra,44,RU,1580226573,97,62.51,65.89,246.48,2.56
494,formosa,26,AR,1580226573,34,-26.18,-58.18,308.15,3.6
495,pacific grove,75,US,1580226573,100,38.48,-90.74,272.59,1.5
496,bathsheba,40,BB,1580226573,66,13.22,-59.52,303.15,6.2
497,goderich,94,CA,1580226573,80,43.75,-81.72,273.71,0.45
498,deputatskiy,100,RU,1580226574,71,69.3,139.9,240.44,2.26
499,malindi,40,KE,1580226574,78,-3.22,40.12,301.15,5.15
500,roebourne,0,AU,1580226574,47,-20.78,117.13,304.58,6.33
501,martapura,40,ID,1580226575,88,-3.42,114.85,301.15,2.1
502,ust-nera,17,RU,1580226575,100,64.57,143.2,229.74,0.77
503,ingham,90,US,1580226575,87,42.6,-84.38,274.26,2.76
504,lima,90,PE,1580226460,78,-12.04,-77.03,298.15,3.6
505,pemangkat,100,ID,1580226575,89,1.17,108.97,299.44,2.57
506,pisco,90,PE,1580226576,30,-13.7,-76.22,296.48,3.1
507,sibu,75,MY,1580226576,94,2.3,111.82,299.15,1.0
508,nelson bay,100,NZ,1580226492,95,-41.28,173.28,292.04,1.54
509,buala,100,SB,1580226576,83,-8.14,159.59,300.24,2.26
510,tukwila,90,US,1580226358,93,47.47,-122.26,281.48,2.1
511,lebyazhye,83,RU,1580226577,96,55.27,66.49,253.08,4.21
512,shubarkuduk,100,KZ,1580226577,84,49.14,56.49,259.64,2.66
513,chavakkad,0,IN,1580226577,74,10.53,76.05,301.15,1.0
514,yellapur,0,IN,1580226577,87,14.97,74.72,291.72,1.11
515,severo-yeniseyskiy,84,RU,1580226578,95,60.37,93.04,265.76,2.5
516,shawville,33,CA,1580226578,87,45.6,-76.48,271.48,0.89
517,brownwood,1,US,1580226578,87,31.71,-98.99,286.48,6.7
518,lar,78,IN,1580226578,64,26.2,83.97,290.4,3.14
519,vestmanna,40,FO,1580226504,77,62.16,-7.17,274.15,0.5
520,alzamay,100,RU,1580226579,91,55.56,98.66,264.22,0.41
521,port blair,100,CD,1580226528,87,-7.03,29.76,296.32,9.4
522,gerardmer,100,FR,1580226579,93,48.07,6.88,277.59,5.7
523,atocha,43,BO,1580226580,39,-20.93,-66.23,285.96,5.92
524,stokmarknes,75,NO,1580226580,68,68.56,14.91,272.15,7.2
525,margate,40,GB,1580226326,65,51.38,1.39,281.15,6.7
526,guerrero negro,25,MX,1580226580,82,17.67,-100.0,288.1,0.46
527,santa rosa,10,PH,1580226488,88,17.49,120.43,293.48,1.16
528,esqueda,0,MX,1580226580,56,30.72,-109.58,279.9,1.24
529,mayo,90,US,1580226581,65,38.89,-76.51,280.15,5.1
530,kermanshah,67,IR,1580226581,38,34.31,47.06,278.15,2.1
531,priiskovyy,0,RU,1580226581,95,51.93,116.63,250.79,0.56
532,leningradskiy,89,RU,1580226581,91,69.38,178.42,248.54,4.76
533,muzhi,11,RU,1580226581,84,65.37,64.67,244.86,3.79
534,coahuayana,20,MX,1580226582,68,18.73,-103.68,291.15,5.1
535,gat,20,IL,1580226582,67,31.61,34.76,288.15,2.1
536,jingdezhen,28,CN,1580226582,90,29.29,117.21,275.5,1.3
537,makakilo city,1,US,1580226582,77,21.35,-158.09,293.15,2.1
538,hauterive,75,FR,1580226582,75,46.09,3.45,281.15,2.1
539,grand centre,20,US,1580226483,92,38.88,-109.5,270.37,4.1
540,senador jose porfirio,20,HT,1580226583,58,18.82,-71.9,301.15,2.1
541,puerto suarez,75,ES,1580226583,72,36.59,-6.23,290.15,2.6
542,sept-iles,20,CA,1580226457,47,50.2,-66.38,263.15,5.7
543,svetlaya,100,RU,1580226584,84,46.54,138.33,266.97,7.17
544,alekseyevskaya,100,RU,1580226584,86,50.29,42.18,274.26,1.34
545,kismayo,100,SO,1580226584,76,-0.36,42.55,300.68,9.31
546,zanjan,80,IR,1580226584,74,36.67,48.48,271.15,1.81
547,amasia,75,TR,1580226425,61,40.65,35.83,281.15,2.1
548,hofn,78,IS,1580226585,86,64.25,-15.21,275.92,8.66
549,samarai,100,PG,1580226585,87,-10.62,150.67,298.34,1.02
550,zyryanskoye,96,RU,1580226585,90,56.83,86.63,264.85,3.66
551,hommelvik,68,NO,1580226586,86,63.41,10.79,275.15,5.7
552,turbat,0,PK,1580226467,19,26.0,63.04,289.01,11.37
553,skovorodino,0,RU,1580226586,96,53.98,123.92,252.49,1.06
554,roald,100,NO,1580226586,69,62.58,6.13,275.93,4.1
555,ormond beach,90,AU,1580226586,87,-37.9,145.04,289.82,2.1
556,calvinia,22,ZA,1580226587,9,-31.47,19.78,303.4,6.23
557,rockport,90,US,1580226587,82,28.02,-97.05,292.15,3.1
558,kathu,20,TH,1580226508,69,7.92,98.33,299.15,4.6
559,camara de lobos,0,AR,1580226588,51,-31.65,-64.42,303.15,8.2
